Com_ID,Com_Name,Sector,Com_Rating,Official_Website
30168,TechNova Solutions,Technology,3,www.TechNova_Solutions.com
698,GreenGen Energy,Renewable Energy,2,www.GreenGen_Energy.com
54580,BioTech Innovations,Biotechnology,10,www.BioTech_Innovations.com
16977,GlobalCom Connect,Telecommunications,1,www.GlobalCom_Connect.com
40311,EcoCraft Solutions,Environmental Services,7,www.EcoCraft_Solutions.com
90931,HealthLink Pharmaceuticals,Healthcare,3,www.HealthLink_Pharmaceuticals.com
7912,DataDynamics Inc.,Data Analytics,5,www.DataDynamics_Inc..com
19787,BrightWave Electronics,Electronics Manufacturing,2,www.BrightWave_Electronics.com
29425,AlphaGen Robotics,Robotics,2,www.AlphaGen_Robotics.com
41113,FinWise Financial Services,Finance,9,www.FinWise_Financial_Services.com
73122,CleanEarth Solutions,Environmental Technology,4,www.CleanEarth_Solutions.com
16959,CyberGuard Security,Cybersecurity,8,www.CyberGuard_Security.com
6544,AgriSustain Farms,Agriculture,1,www.AgriSustain_Farms.com
45102,NanoTech Systems,Nanotechnology,2,www.NanoTech_Systems.com
18347,SkyHigh Aerospace,Aerospace,9,www.SkyHigh_Aerospace.com
13250,SolarWorks Solutions,Solar Energy,4,www.SolarWorks_Solutions.com
96088,MedServe Medical Devices,Medical Devices,4,www.MedServe_Medical_Devices.com
84822,QuantumSoft Technologies,Software Development,10,www.QuantumSoft_Technologies.com
10552,BlueSea Maritime Logistics,Maritime,9,www.BlueSea_Maritime_Logistics.com
36878,SmartGrid Solutions,Energy Management,9,www.SmartGrid_Solutions.com
40287,FoodGenie Catering,Food Services,5,www.FoodGenie_Catering.com
73496,BioFuel Innovations,Alternative Energy,7,www.BioFuel_Innovations.com
17641,AeroTech Dynamics,Aviation,8,www.AeroTech_Dynamics.com
61310,WellnessWave Healthcare,Wellness,7,www.WellnessWave_Healthcare.com
3724,Genomic Insights,Genetics,7,www.Genomic_Insights.com
27384,TerraScape Environmental,Environmental Consulting,6,www.TerraScape_Environmental.com
90935,DataVault Systems,Data Security,10,www.DataVault_Systems.com
48947,PulseTech Biometrics,Biometric Technology,9,www.PulseTech_Biometrics.com
56583,MindMeld Software,Artificial Intelligence,6,www.MindMeld_Software.com
67360,EcoWise Recycling,Waste Management,5,www.EcoWise_Recycling.com
65906,GlobalTrade Logistics,Logistics,9,www.GlobalTrade_Logistics.com
43152,AquaPure Solutions,Water Purification,1,www.AquaPure_Solutions.com
38390,NeuroTech Neurology,Neurotechnology,3,www.NeuroTech_Neurology.com
11273,SecureNet Solutions,Network Security,6,www.SecureNet_Solutions.com
29863,FutureTech Innovations,Future Technologies,3,www.FutureTech_Innovations.com
28350,BlueStar Pharmaceuticals,Pharmaceutical Manufacturing,6,www.BlueStar_Pharmaceuticals.com
97781,EnergyWise Solutions,Energy Efficiency,9,www.EnergyWise_Solutions.com
2563,BioHarvest Genetics,Genetic Engineering,5,www.BioHarvest_Genetics.com
73536,CleanAir Technologies,Air Purification,8,www.CleanAir_Technologies.com
48827,NovaTech Space Systems,Space Exploration,2,www.NovaTech_Space_Systems.com
74627,SkyView Drones,Drone Technology,7,www.SkyView_Drones.com
67443,MedTech Innovations,Medical Technology,2,www.MedTech_Innovations.com
73076,QuantumLeap Quantum Computing,Quantum Computing,7,www.QuantumLeap_Quantum_Computing.com
14519,TechBridge Solutions,IT Consulting,2,www.TechBridge_Solutions.com
74091,RenewGen Power,Renewable Power,2,www.RenewGen_Power.com
99149,AeroLogix Aviation Services,Aviation Services,8,www.AeroLogix_Aviation_Services.com
47377,DataFusion Analytics,Big Data Analytics,9,www.DataFusion_Analytics.com
55811,BioLife Sciences,Life Sciences,1,www.BioLife_Sciences.com
74121,GreenEarth Solutions,Environmental Solutions,10,www.GreenEarth_Solutions.com
85039,FutureGrid Energy,Smart Grid Technology,4,www.FutureGrid_Energy.com
33314,FoodFusion Innovations,Food Technology,4,www.FoodFusion_Innovations.com
21577,AgriTech Solutions,Agricultural Technology,2,www.AgriTech_Solutions.com
72421,SolarTech Systems,Solar Technology,9,www.SolarTech_Systems.com
38562,BlueTech Marine,Marine Technology,9,www.BlueTech_Marine.com
30849,HealthGen Healthcare,Healthcare Solutions,10,www.HealthGen_Healthcare.com
17649,RoboWorks Robotics,Robotics Development,6,www.RoboWorks_Robotics.com
76953,DataGuard Cybersecurity,Data Security,1,www.DataGuard_Cybersecurity.com
30273,EcoTech Innovations,Eco-Friendly Technology,4,www.EcoTech_Innovations.com
60146,Finova Financial Services,Financial Technology,7,www.Finova_Financial_Services.com
92703,CleanTech Solutions,Clean Technology,9,www.CleanTech_Solutions.com
13005,SkyLink Communications,Telecommunications,1,www.SkyLink_Communications.com
90216,BioSolutions Inc.,Biotech Solutions,8,www.BioSolutions_Inc..com
27839,GenTech Genetics,Genetic Technology,6,www.GenTech_Genetics.com
51497,AeroTech Innovations,Aerospace Technology,8,www.AeroTech_Innovations.com
50497,SolarScape Energy,Solar Energy Solutions,8,www.SolarScape_Energy.com
71576,Meditech Medical Devices,Medical Device Manufacturing,6,www.Meditech_Medical_Devices.com
51056,QuantumSphere Technologies,Quantum Technology,2,www.QuantumSphere_Technologies.com
94859,DataWave Systems,Data Management,6,www.DataWave_Systems.com
69486,PulseGuard Security Solutions,Security Services,10,www.PulseGuard_Security_Solutions.com
35871,NeuroSphere Neurotechnology,Neurological Solutions,4,www.NeuroSphere_Neurotechnology.com
3117,TechWise Solutions,Technology Consulting,1,www.TechWise_Solutions.com
7895,TerraTech Environmental Solutions,Environmental Solutions,8,www.TerraTech_Environmental_Solutions.com
26800,EcoCycle Recycling,Recycling Solutions,2,www.EcoCycle_Recycling.com
58073,GlobalLog Logistics Solutions,Global Logistics,9,www.GlobalLog_Logistics_Solutions.com
48155,AquaTech Solutions,Water Technology,8,www.AquaTech_Solutions.com
55952,BlueGen Genetics,Genetics Research,9,www.BlueGen_Genetics.com
13083,EnergySphere Solutions,Energy Solutions,1,www.EnergySphere_Solutions.com
36114,BioLabs Pharmaceuticals,Pharmaceutical Research,3,www.BioLabs_Pharmaceuticals.com
96236,AeroWorks Aerospace,Aerospace Engineering,3,www.AeroWorks_Aerospace.com
24444,FutureNet Solutions,Future Network Technologies,5,www.FutureNet_Solutions.com
75068,FoodTech Innovations,Food Innovations,7,www.FoodTech_Innovations.com
33340,AgriGenius Agriculture Solutions,Agricultural Solutions,1,www.AgriGenius_Agriculture_Solutions.com
78012,SolarWorks Energy Solutions,Solar Power Solutions,1,www.SolarWorks_Energy_Solutions.com
86812,BlueStream Marine Technology,Marine Engineering,4,www.BlueStream_Marine_Technology.com
86480,HealthSphere Healthcare Solutions,Healthcare Services,7,www.HealthSphere_Healthcare_Solutions.com
83427,RoboTech Robotics Solutions,Robotics Solutions,8,www.RoboTech_Robotics_Solutions.com
41536,DataSafe Cybersecurity,Data Protection,1,www.DataSafe_Cybersecurity.com
11153,EcoGen Environmental Solutions,Environmental Services,6,www.EcoGen_Environmental_Solutions.com
39786,FinTech Innovations,Financial Technology Solutions,2,www.FinTech_Innovations.com
44043,CleanGen Technologies,Clean Energy Technologies,4,www.CleanGen_Technologies.com
2325,SkyNet Communications,Communication Technology,1,www.SkyNet_Communications.com
21541,BioMatrix Biotechnology,Biotechnology Research,1,www.BioMatrix_Biotechnology.com
33223,Genetix Genetics,Genetic Engineering,9,www.Genetix_Genetics.com
68372,AeroSphere Aerospace Solutions,Aerospace Solutions,1,www.AeroSphere_Aerospace_Solutions.com
24846,SolarBright Energy Solutions,Solar Energy Solutions,2,www.SolarBright_Energy_Solutions.com
15701,MedRx Medical Solutions,Medical Solutions,7,www.MedRx_Medical_Solutions.com
66809,QuantumEdge Technologies,Quantum Technologies,5,www.QuantumEdge_Technologies.com
19056,DataMaster Solutions,Data Solutions,3,www.DataMaster_Solutions.com
72200,PulseSecure Security Solutions,Security Solutions,5,www.PulseSecure_Security_Solutions.com
61508,NeuroGen Neurotechnology Solutions,Neurotechnology Solutions,9,www.NeuroGen_Neurotechnology_Solutions.com
33424,TechGenius Solutions,Technology Solutions,8,www.TechGenius_Solutions.com
11922,TerraSolutions Environmental Solutions,Environmental Solutions,7,www.TerraSolutions_Environmental_Solutions.com
21714,EcoWorx Recycling Solutions,Recycling Solutions,2,www.EcoWorx_Recycling_Solutions.com
53452,GlobalLogistics Solutions,Global Logistics Solutions,8,www.GlobalLogistics_Solutions.com
5857,AquaPure Water Solutions,Water Solutions,6,www.AquaPure_Water_Solutions.com
33344,BlueChip Genetics,Genetic Research,10,www.BlueChip_Genetics.com
57319,EnergyGen Solutions,Energy Solutions,5,www.EnergyGen_Solutions.com
86459,BioFusion Pharmaceuticals,Pharmaceutical Development,5,www.BioFusion_Pharmaceuticals.com
39178,AeroGen Aerospace Engineering,Aerospace Engineering,7,www.AeroGen_Aerospace_Engineering.com
20821,FutureTech Solutions,Future Technology Solutions,8,www.FutureTech_Solutions.com
36732,FoodGenius Innovations,Food Science Innovations,3,www.FoodGenius_Innovations.com
83817,AgriVation Agriculture Innovations,Agricultural Innovations,2,www.AgriVation_Agriculture_Innovations.com
62748,SolarEra Energy Solutions,Solar Energy Solutions,7,www.SolarEra_Energy_Solutions.com
10576,BlueTech Marine Engineering,Marine Engineering,10,www.BlueTech_Marine_Engineering.com
42699,HealthGenie Healthcare Innovations,Healthcare Innovations,1,www.HealthGenie_Healthcare_Innovations.com
86964,RoboSolutions Robotics Solutions,Robotics Solutions,6,www.RoboSolutions_Robotics_Solutions.com
89144,DataGuardian Cybersecurity Solutions,Cybersecurity Solutions,6,www.DataGuardian_Cybersecurity_Solutions.com
96580,EcoVision Environmental Solutions,Environmental Solutions,2,www.EcoVision_Environmental_Solutions.com
46361,FinovaTech Financial Solutions,Financial Solutions,4,www.FinovaTech_Financial_Solutions.com
61419,CleanTech Innovations,Clean Technology Solutions,5,www.CleanTech_Innovations.com
27611,SkyReach Communications,Communications Solutions,2,www.SkyReach_Communications.com
99274,BioTech Solutions,Biotech Solutions,9,www.BioTech_Solutions.com
85932,Genomics Genetics,Genetics Research,6,www.Genomics_Genetics.com
61151,AeroTech Solutions,Aerospace Solutions,8,www.AeroTech_Solutions.com
90020,SolarSphere Solar Solutions,Solar Solutions,3,www.SolarSphere_Solar_Solutions.com
21466,MedTech Medical Solutions,Medical Solutions,7,www.MedTech_Medical_Solutions.com
78341,QuantumTech Technologies,Quantum Technologies,10,www.QuantumTech_Technologies.com
94019,DataSavvy Solutions,Data Analytics Solutions,9,www.DataSavvy_Solutions.com
96978,PulseProtector Security Solutions,Security Solutions,10,www.PulseProtector_Security_Solutions.com
92591,NeuroTech Solutions,Neurotechnology Solutions,3,www.NeuroTech_Solutions.com
45744,TechBridge Technology Solutions,Technology Solutions,7,www.TechBridge_Technology_Solutions.com
53473,TerraTech Environmental Solutions,Environmental Solutions,9,www.TerraTech_Environmental_Solutions.com
71313,EcoCycle Recycling Solutions,Recycling Solutions,2,www.EcoCycle_Recycling_Solutions.com
88826,GlobalLogistics Solutions,Global Logistics Solutions,8,www.GlobalLogistics_Solutions.com
33956,AquaTech Water Solutions,Water Solutions,9,www.AquaTech_Water_Solutions.com
24485,BlueChip Genetics,Genetic Research,4,www.BlueChip_Genetics.com
49332,EnergyGen Solutions,Energy Solutions,3,www.EnergyGen_Solutions.com
13224,BioFusion Pharmaceuticals,Pharmaceutical Development,4,www.BioFusion_Pharmaceuticals.com
91834,AeroGen Aerospace Engineering,Aerospace Engineering,10,www.AeroGen_Aerospace_Engineering.com
73568,FutureTech Solutions,Future Technology Solutions,4,www.FutureTech_Solutions.com
38802,FoodGenius Innovations,Food Science Innovations,8,www.FoodGenius_Innovations.com
92029,AgriVation Agriculture Innovations,Agricultural Innovations,7,www.AgriVation_Agriculture_Innovations.com
86112,SolarEra Energy Solutions,Solar Energy Solutions,8,www.SolarEra_Energy_Solutions.com
69668,BlueTech Marine Engineering,Marine Engineering,1,www.BlueTech_Marine_Engineering.com
57047,HealthGenie Healthcare Innovations,Healthcare Innovations,5,www.HealthGenie_Healthcare_Innovations.com
5807,RoboSolutions Robotics Solutions,Robotics Solutions,6,www.RoboSolutions_Robotics_Solutions.com
96422,DataGuardian Cybersecurity Solutions,Cybersecurity Solutions,1,www.DataGuardian_Cybersecurity_Solutions.com
87255,EcoVision Environmental Solutions,Environmental Solutions,1,www.EcoVision_Environmental_Solutions.com
69081,FinovaTech Financial Solutions,Financial Solutions,7,www.FinovaTech_Financial_Solutions.com
4361,CleanTech Innovations,Clean Technology Solutions,2,www.CleanTech_Innovations.com
65826,SkyReach Communications,Communications Solutions,10,www.SkyReach_Communications.com
34103,BioTech Solutions,Biotech Solutions,6,www.BioTech_Solutions.com
4960,Genomics Genetics,Genetics Research,5,www.Genomics_Genetics.com
64293,AeroTech Solutions,Aerospace Solutions,3,www.AeroTech_Solutions.com
65952,SolarSphere Solar Solutions,Solar Solutions,5,www.SolarSphere_Solar_Solutions.com
95439,MedTech Medical Solutions,Medical Solutions,5,www.MedTech_Medical_Solutions.com
26542,QuantumTech Technologies,Quantum Technologies,3,www.QuantumTech_Technologies.com
45319,DataSavvy Solutions,Data Analytics Solutions,10,www.DataSavvy_Solutions.com
51383,PulseProtector Security Solutions,Security Solutions,9,www.PulseProtector_Security_Solutions.com
45723,NeuroTech Solutions,Neurotechnology Solutions,4,www.NeuroTech_Solutions.com
53630,TechBridge Technology Solutions,Technology Solutions,9,www.TechBridge_Technology_Solutions.com
16365,TerraTech Environmental Solutions,Environmental Solutions,9,www.TerraTech_Environmental_Solutions.com
85993,EcoCycle Recycling Solutions,Recycling Solutions,1,www.EcoCycle_Recycling_Solutions.com
61786,GlobalLogistics Solutions,Global Logistics Solutions,4,www.GlobalLogistics_Solutions.com
83429,AquaTech Water Solutions,Water Solutions,2,www.AquaTech_Water_Solutions.com
70357,BlueChip Genetics,Genetic Research,4,www.BlueChip_Genetics.com
37092,EnergyGen Solutions,Energy Solutions,10,www.EnergyGen_Solutions.com
69992,BioFusion Pharmaceuticals,Pharmaceutical Development,9,www.BioFusion_Pharmaceuticals.com
3291,AeroGen Aerospace Engineering,Aerospace Engineering,2,www.AeroGen_Aerospace_Engineering.com
30980,FutureTech Solutions,Future Technology Solutions,6,www.FutureTech_Solutions.com
81035,FoodGenius Innovations,Food Science Innovations,7,www.FoodGenius_Innovations.com
78607,AgriVation Agriculture Innovations,Agricultural Innovations,6,www.AgriVation_Agriculture_Innovations.com
47262,SolarEra Energy Solutions,Solar Energy Solutions,9,www.SolarEra_Energy_Solutions.com
7581,BlueTech Marine Engineering,Marine Engineering,6,www.BlueTech_Marine_Engineering.com
40616,HealthGenie Healthcare Innovations,Healthcare Innovations,5,www.HealthGenie_Healthcare_Innovations.com
59703,RoboSolutions Robotics Solutions,Robotics Solutions,1,www.RoboSolutions_Robotics_Solutions.com
23595,DataGuardian Cybersecurity Solutions,Cybersecurity Solutions,6,www.DataGuardian_Cybersecurity_Solutions.com
80204,EcoVision Environmental Solutions,Environmental Solutions,10,www.EcoVision_Environmental_Solutions.com
50372,FinovaTech Financial Solutions,Financial Solutions,8,www.FinovaTech_Financial_Solutions.com
12839,CleanTech Innovations,Clean Technology Solutions,3,www.CleanTech_Innovations.com
87206,SkyReach Communications,Communications Solutions,7,www.SkyReach_Communications.com
75639,BioTech Solutions,Biotech Solutions,2,www.BioTech_Solutions.com
3515,Genomics Genetics,Genetics Research,7,www.Genomics_Genetics.com
13729,AeroTech Solutions,Aerospace Solutions,1,www.AeroTech_Solutions.com
30442,SolarSphere Solar Solutions,Solar Solutions,4,www.SolarSphere_Solar_Solutions.com
34197,MedTech Medical Solutions,Medical Solutions,1,www.MedTech_Medical_Solutions.com
23704,QuantumTech Technologies,Quantum Technologies,6,www.QuantumTech_Technologies.com
78189,DataSavvy Solutions,Data Analytics Solutions,6,www.DataSavvy_Solutions.com
87183,PulseProtector Security Solutions,Security Solutions,6,www.PulseProtector_Security_Solutions.com
50242,NeuroTech Solutions,Neurotechnology Solutions,9,www.NeuroTech_Solutions.com
34554,TechBridge Technology Solutions,Technology Solutions,7,www.TechBridge_Technology_Solutions.com
42492,TerraTech Environmental Solutions,Environmental Solutions,2,www.TerraTech_Environmental_Solutions.com
99820,EcoCycle Recycling Solutions,Recycling Solutions,9,www.EcoCycle_Recycling_Solutions.com
46487,GlobalLogistics Solutions,Global Logistics Solutions,5,www.GlobalLogistics_Solutions.com
74665,AquaTech Water Solutions,Water Solutions,3,www.AquaTech_Water_Solutions.com
78858,BlueChip Genetics,Genetic Research,4,www.BlueChip_Genetics.com
68386,EnergyGen Solutions,Energy Solutions,6,www.EnergyGen_Solutions.com
18927,BioFusion Pharmaceuticals,Pharmaceutical Development,8,www.BioFusion_Pharmaceuticals.com
32233,AeroGen Aerospace Engineering,Aerospace Engineering,3,www.AeroGen_Aerospace_Engineering.com
82991,FutureTech Solutions,Future Technology Solutions,9,www.FutureTech_Solutions.com
